apcarm=!armdecad && !fz
arm=!apcarm && !armdecad
armdecad=!snail && (!apcarm || !nicd) && tcflef
cdc=rolled || !dlg
dad=mad
der=egfs
dlg=!rolled || armdecad || nicd
dome=upds
fz=wg
hid=!rolled || nicd
jak=!socse && dome
mad=!dad && punt
mir=tcflef || rolled
nicd=notch
notch=delta
punt=dpp
ral=der && !sty
rolled=raf || jak || nicd
snail=tcflef || rolled || nicd
socse=state
state=jak || !mir || rolled
sty=rolled
suh=!mad && nicd
tcflef=arm || nicd
raf=ral
egfs=undefined
upds=undefined
wg=undefined
delta=undefined
dpp=undefined
,,
apcarm,1283,323,white
arm,1275.94167503702,390.155476134136,white
armdecad,1255.07518281856,454.375935713483,white
cdc,1221.31248918311,512.854636490469,white
dad,1176.12918585391,563.035778629198,white
der,1121.5,602.726205422374,white
dlg,1059.81248918311,630.191254763335,white
dome,993.762693635452,644.230572203952,white
fz,926.237306364548,644.230572203952,white
hid,860.187510816892,630.191254763335,white
jak,798.5,602.726205422374,white
mad,743.870814146089,563.035778629198,white
mir,698.687510816892,512.854636490469,white
nicd,664.92481718144,454.375935713483,white
notch,644.058324962981,390.155476134136,white
punt,637,323,white
ral,644.058324962981,255.844523865864,white
rolled,664.92481718144,191.624064286517,white
snail,698.687510816892,133.145363509531,white
socse,743.870814146089,82.9642213708017,white
state,798.5,43.2737945776263,white
sty,860.187510816892,15.8087452366654,white
suh,926.237306364548,1.76942779604775,white
tcflef,993.762693635452,1.76942779604769,white
raf,1059.81248918311,15.8087452366653,white
egfs,1121.5,43.2737945776263,white
upds,1176.12918585391,82.9642213708017,white
wg,1221.31248918311,133.145363509531,white
delta,1255.07518281856,191.624064286517,white
dpp,1275.94167503702,255.844523865864,white
,,
Rules Based
